660;77.70.159.0;28;Dialog lab - Loopbacks;6979;0;17;
661;77.70.159.16;30;Dialog lab - IP NAT pool;6979;0;17;
662;77.70.159.20;30;Dialog lab - PtP modem-router on TST-BRA-1;6979;0;17;
663;77.70.159.24;30;TST-HRH-MDM;6979;0;17;
688;77.70.159.248;29;Dialog LAB - Free;6979;0;17;
7081;77.70.159.28;30;Dialog lab;6979;0;17;
7082;77.70.159.32;30;TST-HOU-MDM1;6979;0;17;
7083;77.70.159.36;30;LAB, PtP FR-ASG-SUPFW (vd V02) - SBM-ASG-FW (vd VITAL);6979;0;17;
7086;77.70.159.56;29;LAB, Virtual Riverbed HUB-side LAN;6979;0;17;
7087;77.70.159.64;29;Dialog lab - PtP - TLP-ASG-FWC01, V02-LAB  TLP-ASG-LAB-HUB router;6979;0;17;
7088;77.70.159.72;29;Dialog lab - PtP - TLP-ASG-LAB-HUB  Dialog, vrf INTERNET;6979;0;17;
7089;77.70.159.80;29;Dialog lab - PtP;6979;0;17;
7090;77.70.159.88;29;TEST/REF: LAB-INET-SITE04 on TST-BRA-1;6979;0;17;
7092;77.70.159.128;29;TEST/REF: LAB-INET-SITE01 on TST-ASG-1;6979;0;17;
7093;77.70.159.136;29;TEST/REF: LAB-INET-SITE02 on TST-ASG-2;6979;0;17;
7094;77.70.159.144;29;TEST/REF: LAB-INET-SITE03 on TST-ASG-3;6979;0;17;
7096;77.70.159.160;29;LAB-ASG-RSITE1, Skywan lab, A-SITE01;6979;0;17;
7097;77.70.159.168;29;LAB-ASG-RSITE2, Skywan lab, B-SITE01;6979;0;17;
7098;77.70.159.176;29;LAB-ASG-RSITE3, Skywan lab, B-SITE02;6979;0;17;
7099;77.70.159.184;29;LAB-ASG-WAN1-EMUL, Linux Router, Link1;6979;0;17;
7100;77.70.159.192;29;LAB-ASG-WAN2-EMUL, Linux Router, Link2;6979;0;17;
7101;77.70.159.200;29;TEST/REF SITE-XXXXXX;6979;0;17;
7102;77.70.159.208;29;TEST/REF SITE-XXXXXX;6979;0;17;
7103;77.70.159.216;29;TEST/REF SITE-XXXXXX;6979;0;17;
7104;77.70.159.224;29;TEST/REF SITE-XXXXXX;6979;0;17;
7105;77.70.159.232;29;TEST/REF SITE--BRA-TST-02;6979;0;17;
7106;77.70.159.240;29;TEST/REF: SES-JRS-REF0;6979;0;17;
8096;77.70.128.0;20;HUBs infrastructure and customer assignments  via Paris TH2 Internet access - Public (All);8098;0;22;
8097;77.70.128.0;25;BETZDORF - Backbone, Reserved for RDNS at BTZ;8099;0;22;
8098;77.70.128.0;17;Master subnet - AS5377;0;0;22;
8101;77.70.129.0;24;BETZDORF - Backbone and Hosting;8099;0;22;
8108;77.70.130.24;29;Betzdorf - backbone PtP, IC Dialog BB (vrf IA-BTZ-U) to SES rent BB;8102;90;22;
8194;77.70.136.0;22;Customer PA assignments;8096;0;22;
8227;77.70.144.0;20;Various hubs with Internet access via  PARIS TH2 - Public (All);8098;0;22;
8228;77.70.144.0;23;PTH2 HUB  IP address assignments;8227;50;22;
8229;77.70.144.0;24;Paris TH2 - ISP backbone - loopbacks;8228;0;22;
8230;77.70.145.0;30;Paris TH2 - ISP backbone, FR-PTH2-ISP1  b2b  FR-PTH2-ISP2;8228;0;22;
8232;77.70.145.8;29;Paris TH2 - ISP backbone, PtP, VDOM000-root;8228;0;22;
8233;77.70.145.16;29;Paris TH2 - ISP backbone, PtP, VDOM001-IA-U;8228;0;22;
8234;77.70.145.24;30;Paris TH2 - ISP backbone, PtP, FR-PTH2-PE3, Internet access for a GRE tunnel;8228;0;22;
8235;77.70.145.28;30;Paris TH2 - ISP backbone, PtP, FR-PTH2-PE4, Internet access for a GRE tunnel;8228;0;22;
8236;77.70.145.32;29;Paris TH2 - ISP backbone, PtP, VDOM002-IA-P;8228;0;22;
8238;77.70.145.48;29;Paris TH2 - ISP backbone, PtP, VDOM004-SFO;8228;0;22;
8239;77.70.145.56;29;Paris TH2 - ISP backbone, PtP, vrf INTERNET-NORS;8228;0;22;
8240;77.70.145.64;29;Paris TH2 - ISP backbone, PtP, VDOM V05-EDF;8228;0;22;
8243;77.70.145.88;29;Paris TH2 - ISP backbone, PtP, VDOM007-UNIA;8228;0;22;
8244;77.70.145.96;29;Paris TH2 - ISP backbone, PtP, VDOM008-UNFPA;8228;0;22;
8245;77.70.145.104;29;FR-PTH2-IWAN1 - internet access;8228;0;22;
8246;77.70.145.112;29;FR-PTH2-IWAN2 - internet access;8228;0;22;
8247;77.70.145.120;29;Internet access for FR-PTH2-DMVPN1/2 router, vrf FVRF-INTERNET;8228;0;22;
8251;77.70.145.240;29;Paris TH2-IC ISP-MARITIME FTG#2 (Shared networks);8228;0;22;
8252;77.70.145.248;29;Paris TH2 - ISP backbone, PtP, ATLAS RIPE probe;8228;0;22;
8253;77.70.146.0;24;ASG,PTH2, BTZ  HUBs  various PtP IP address;8227;0;22;
8254;77.70.146.0;29;Aussaguel - backbone PtP, TLP-ASG-FWC01, VDOM public server farm;8253;50;22;
8258;77.70.146.48;29;Aussaguel - backbone PtP with Dialog LAB;8253;0;22;
8260;77.70.146.64;28;Paris TH2 - backbone PtP, FR-PTH2-FWC01, VDOM01-IA-U, vrf IA-TH2-U, WHO;8253;2;22;
8263;77.70.146.128;29;Paris TH2 - backbone PtP, FR-PTH2-FWC01, VDOM01-IA-U, vrf IA-TH2-U;8253;50;22;
8264;77.70.146.136;29;Paris TH2 - backbone PtP, FR-PTH2-FWC01, VDOM02-IA-P, vrf IA-TH2-P;8253;51;22;
8266;77.70.146.152;29;Paris TH2 - backbone PtP, FR-PTH2-FWC01, VDOM07-UNIA, vrf UNIA;8253;14;22;
8267;77.70.146.160;29;Paris TH2 - backbone PtP, FR-PTH2-FWC01, VDOM08-UNFPA, vrf UNFPA;8253;15;22;
8268;77.70.146.168;29;Paris TH2 - backbone PtP, FR-PTH2-FWC01, VDOM08-UNFPA, vrf OCHA;8253;5;22;
8271;77.70.146.200;29;Betzdorf - backbone PtP, Dialog, Satnet1, vrf IA-TH2-P;8253;51;22;
8272;77.70.146.208;29;Betzdorf - backbone PtP, Dialog, Satnet2, vrf IA-BTZ-U;8253;90;22;
8273;77.70.146.216;29;Betzdorf-backbone PtP, LU-BTZ-PE01/2,vrf IA-TH2-U in LU-BTZ-FWC01,VDOM V02-ISRC;8253;0;22;
8274;77.70.146.224;29;Betzdorf - backbone PtP, Dialog, Satnet2, vrf IA-TH2-U;8253;0;22;
8275;77.70.146.232;29;Betzdorf - backbone PtP, Dialog, Airbus3-Satnet3, vrf IA-TH2-U;8253;0;22;
8276;77.70.146.240;29;Betzdorf - backbone PtP, Dialog, Airbus4-Satnet1, vrf IA-TH2-U;8253;0;22;
8277;77.70.146.248;29;Betzdorf - backbone PtP, Dialog, Airbus4-Satnet2, vrf IA-TH2-U;8253;0;22;
8278;77.70.147.0;24;ASG HUB IP address (demod and servers);8227;0;22;
8279;77.70.147.0;27;Aussaguel - Demodulators, vrf IA-TH2-U;8278;0;22;
8280;77.70.147.32;27;Aussaguel - NAT range for the private server farm, ASG Datacenter;8278;0;22;
8281;77.70.148.0;27;Paris TH2 - local internet segment;8282;0;22;
8282;77.70.148.0;24;PTH2 HUB IP address;8227;0;22;
8285;77.70.148.128;25;Aussaguel - public servers, block;8282;0;22;
8286;77.70.149.0;26;Aussaguel - Virtual servers at Datacenter, LAN 1;8287;0;22;
8287;77.70.149.0;24;ASG HUB server address;8227;0;22;
8288;77.70.149.64;26;Aussaguel - Virtual servers at Datacenter, LAN 2;8287;0;22;
8289;77.70.149.128;26;Aussaguel - Virtual servers at Datacenter, LAN 3;8287;0;22;
8290;77.70.149.192;26;Aussaguel - Virtual servers at Datacenter, LAN 4;8287;0;22;
8291;77.70.150.0;28;Aussaguel Newtec Elevation HUB - SML - PtP ASR-DATA path;8292;0;22;
8292;77.70.150.0;24;ASG HUB Newtec Elevation;8227;0;22;
8293;77.70.150.16;28;Aussaguel Newtec Elevation HUB - AVT - PtP ASR-DATA path;8292;0;22;
8294;77.70.150.32;28;Aussaguel Newtec Elevation HUB - MUMI - PtP ASR-DATA path;8292;0;22;
8297;77.70.150.128;30;Aussaguel Newtec Elevation HUB - PtP ASR RTR-CE RTR DATA path;8292;0;22;
8298;77.70.150.132;30;Aussaguel Newtec Elevation HUB - PtP ASR RTR-CE RTR DATA path;8292;0;22;
8299;77.70.150.136;30;Aussaguel Newtec Elevation HUB - PtP CE-RTR-CE RTR interconnect;8292;0;22;
8301;77.70.150.144;28;Aussaguel Newtec Elevation HUB - PtP CE RTR-DATA path to Shapers and Demods;8292;0;22;
8302;77.70.150.160;28;Aussaguel Newtec Elevation HUB - PtP CE RTR-DATA path - MUMI (VLAN1206);8292;0;22;
8303;77.70.150.176;28;Aussaguel Newtec Elevation HUB - PtP CE RTR-DATA path - ERA (VLAN1250);8292;0;22;
8304;77.70.150.192;29;Aussaguel Newtec Elevation HUB - PtP CE RTR-DATA path - WWCP path ERA;8292;0;22;
8309;77.70.151.0;24;Various HUB PTP IP Addresses;8227;0;22;
8316;77.70.152.0;22;Dialog PTP IP Addresses;8227;0;22;
8331;77.70.152.60;30;Dialog PtP - IMC-SITE01;8316;51;22;
8332;77.70.152.64;30;Dialog PtP - TFM-SITE01;8316;50;22;
8345;77.70.152.116;30;Dialog PtP - PWM-SITE01;8316;53;22;
8353;77.70.152.148;30;ASG, SATNET2 MDM2200 M2M test for msoltis;8316;50;22;
8354;77.70.152.152;30;ASG, SATNET2 vulnerability test for aantunes;8316;50;22;
8355;77.70.152.156;30;Dialog PtP - ROXGOLD-SITE01;8316;50;22;
8357;77.70.152.192;30;Dialog PtP - ECHO-SITE01;8316;50;22;
8358;77.70.152.196;30;Dialog PtP - ECHO-SITE13;8316;50;22;
8359;77.70.152.200;30;Dialog PtP - ECHO-SITE14;8316;50;22;
8360;77.70.152.204;30;Dialog PtP - ECHO-SITE15;8316;50;22;
8367;77.70.156.48;29;ASG-SEC-TEST-SITE01;12055;50;22;
8441;77.70.160.0;24;ASG HUB  Newtec customers side PtP IP address;8440;0;22;
8442;77.70.160.0;30;MUMI-SITE01 LAN - via VLAN24;8441;50;22;
8443;77.70.160.4;30;Newtec PtP customers site - MUMI-SITE02;8441;50;22;
8444;77.70.160.8;30;Newtec PtP customers site - MUMI-SITE03;8441;50;22;
8445;77.70.160.12;30;MUMI-SITE01 LAN - via VLAN25;8441;50;22;
8446;77.70.160.16;30;Newtec PtP customers site - SML-SITE01 PtP;8441;50;22;
8450;77.70.160.48;28;Newtec PtP customers site - MUMI-SITE02 - Interco PATH;8441;50;22;
8451;77.70.160.64;28;Newtec PtP customers site - MUMI-SITE03 - Interco PATH;8441;50;22;
8474;77.70.162.0;27;EVENTS VSAT reserved;8473;0;22;
8475;77.70.162.32;27;EVENTS VSAT reserved;8473;0;22;
8476;77.70.162.64;30;EVENT-SITE01;8473;50;22;
8477;77.70.162.68;30;EVENT-SITE02;8473;0;22;
8478;77.70.162.72;30;EVENT-SITE03;8473;0;22;
8479;77.70.162.80;28;EVENTS VSAT reserved;8473;0;22;
8480;77.70.162.96;27;EVENTS VSAT reserved Dakar;8473;0;22;
8481;77.70.162.128;25;EVENTS VSAT reserved;8473;0;22;
8482;77.70.163.0;24;Bratislava DNS;8440;0;22;
8483;77.70.164.0;22;Enterprise customers announcements via MSS networks;8098;0;22;
8484;77.70.168.0;21;Customer PA assignments;8098;0;22;
8486;77.70.176.0;27;EoM DMVPN Internet  - New York TH2;8485;62;22;
8488;77.70.182.0;23;BTZ - Public Range;8098;0;22;
8534;77.70.192.0;24;London TH2 - ISP backbone (loopback, DMVPN, etc.);8533;0;22;
8535;77.70.193.0;24;LTH2 HUB  PTP IP space#1;8533;0;22;
8536;77.70.193.0;29;London TH2 - ISP routers  -UK-LTH2-ISP01  b2b  UK-LTH2-ISP02;8535;0;22;
8537;77.70.193.8;29;London TH2 - PtP, ISP-routers  VDOM000-root;8535;0;22;
8540;77.70.193.48;29;London TH2 - PtP, ISP routers  VDOM004-GX-MSS;8535;0;22;
8541;77.70.193.56;29;London TH2 - PtP, ISP routers  VDOM005-VERGNET;8535;0;22;
8542;77.70.193.64;29;London TH2 - PtP, ISP routers VDOM06-GRFI;8535;0;22;
8546;77.70.193.240;29;London TH2 - PtP, MPLSoGRE to EIK;8535;0;22;
8547;77.70.193.248;29;London TH2 - PtP, PE routers  ATLAS RIPE probe reserved;8535;0;22;
8548;77.70.194.0;25;LTH2 Dialog platforms -  PTP IP space (various vrf);8533;0;22;
8549;77.70.194.0;29;Betzdorf - backbone PtP, Dialog, vrf IA-LTH2-U, SATNET 2;8548;63;22;
8550;77.70.194.8;29;Betzdorf - backbone PtP, Dialog, vrf GRFI, SATNET 2;8548;68;22;
8551;77.70.194.16;29;Betzdorf - backbone PtP, Dialog, vrf TERANGA, SATNET 2;8548;63;22;
8557;77.70.195.0;24;Site modem-router PtP - Internet via LTH2;8533;0;22;
8558;77.70.195.0;30;Dialog remote site PtP - VERG-SITE01;8557;65;22;
8559;77.70.195.4;30;TC-Land015-Areva - modem-router  PtP;8557;0;22;
8565;77.70.196.0;24;Local hosting in LTH2;8533;0;22;
8566;77.70.197.0;24;LTH2 Internet customer networks;8533;0;22;
8574;77.70.200.0;21;Customer Assignments #1;8533;63;22;
8576;77.70.224.0;23;Reserved Hosting space;8098;0;22;
8577;77.70.226.0;23;EIK - vrf IA-TH2-U;8098;50;22;
8580;77.70.240.0;21;Reserved for office needs;8098;0;22;
8581;77.70.248.0;22;Reserved for office needs;8098;0;22;
8582;77.70.252.0;22;Aussaguel - Office and backbone needs;8098;0;22;
8583;77.70.252.0;23;Aussaguel - Office and backbone needs - reserved - not in use;8582;0;22;
8584;77.70.254.0;23;Aussaguel - Office and backbone needs;8582;0;22;
9401;77.70.193.16;29;London TH2 - PtP, ISP routers- FTG V01-IA-LTH2-U;8535;0;22;
9402;77.70.193.32;29;London TH2 - PtP, ISP routers - FTG V02-IA-LTH2-P;8535;0;22;
9405;77.70.146.192;29;Betzdorf - backbone PtP, Dialog, Satnet1, vrf IA-TH2-U, VLAN310;8253;50;22;
9545;77.70.179.248;29;NAPA, Dialog interco with vrf MT-IA-NTH2;12077;62;22;
9546;77.70.148.32;27;Hosting DMZ, PTH2, VDOM V01-IA-U;8282;50;22;
9560;77.70.145.128;29;Paris TH2 - ISP backbone, PtP, VDOM009-VAS (77.70.145.96/29);8228;57;22;
9686;77.70.193.128;29;London TH2 - PtP, PE routers  VRF IA-LTH2-U  VDOM01-IA-LTH2-U;8535;50;22;
9687;77.70.193.136;29;London TH2 - PtP, PE routers VRF IA-LTH2-P  VDOM02-IA-LTH2-P;8535;64;22;
9688;77.70.193.144;29;London TH2 - PtP, PE routers VRF VERGNET - vdom V05;8535;65;22;
9689;77.70.193.152;29;London TH2 - PtP, PE routers VRF GRFI VDOM06-GRFI;8535;0;22;
9705;77.70.192.64;27;EoM DMVPN London Internet - London TH2;8534;63;22;
9706;77.70.197.12;30;Reserved for TC-Land017;8566;63;22;
9782;77.70.197.20;30;TC-Land019 public LAN;8566;63;22;
9783;77.70.197.24;30;TC-Land020 public LAN;8566;63;22;
9784;77.70.197.28;30;TC-Land021;8566;64;22;
9787;77.70.197.32;30;TC-Land022 public LAN;8566;63;22;
9789;77.70.197.40;30;Reserved for TC-Land024;8566;63;22;
9790;77.70.197.44;30;Reserved for TC-Land025;8566;63;22;
9791;77.70.195.8;30;TC-Land017 - modem-router PtP;8557;63;22;
9792;77.70.195.12;30;TC-Land018 - modem-router PtP;8557;63;22;
9793;77.70.195.16;30;TC-Land028 PTP_Cisco-MikroTik;8557;63;22;
9794;77.70.195.20;30;TC-Land029 PTP_Cisco-MikroTik;8557;63;22;
9795;77.70.195.24;30;TC-Land021 - modem-router PtP;8557;63;22;
9796;77.70.195.28;30;TC-Land022 - modem-router PtP;8557;63;22;
9799;77.70.195.32;30;TC-Land023 - modem-router PtP;8557;63;22;
9800;77.70.195.36;30;TC-Land024 - modem-router PtP;8557;63;22;
9801;77.70.195.40;30;TC-Land025 - modem-router PtP;8557;63;22;
9802;77.70.195.44;30;TC-Land019 PTP_Cisco-MikroTik;8557;63;22;
9826;77.70.197.64;30;TC-Land029;8566;50;22;
9858;77.70.176.48;30;TC-Land018;8485;62;22;
9859;77.70.176.52;30;NAPA PEs - NTP Loopback;8485;62;22;
9867;77.70.146.40;30;PtP with Aussaguel HUB for internet feed - primary;8253;50;22;
9879;77.70.193.72;29;London TH2 - PtP, ISP routers VDOM07-NBM;8535;0;22;
9882;77.70.193.160;29;London TH2 - PtP, PE routers VRF TERANGA - vdom V09;8535;0;22;
10056;77.70.164.0;24;Announcement via Amsterdam AS44933;8483;0;22;
10071;77.70.164.16;29;DM-MONITORING;10056;0;22;
10072;77.70.164.16;30;loopback;10071;0;22;
10079;77.70.176.64;29;Backbone - Hosting  Nexus Exinda M&C;8485;62;22;
10080;77.70.176.72;29;Backbone - Hosting Nexus Exinda Bridge;8485;62;22;
10081;77.70.176.80;29;Backbone - Temporary ClearSky ticket, Interco to ASG OneLab;8485;62;22;
10159;77.70.199.0;24;Backbone and ineternal services assignments via London TH2;8533;0;22;
10160;77.70.198.0;25;EIK HUB PTP IP space for reaching Internet in LTH2 via various VRFs;8533;0;22;
10164;77.70.198.16;29;EIK HUB PTP IP space for reaching Internet in LTH2 via various VRFs;10160;0;22;
10165;77.70.198.24;29;EIK HUB PTP IP space for reaching Internet in LTH2 via various VRFs;10160;0;22;
10166;77.70.198.32;29;EIK HUB PTP IP space for reaching Internet in LTH2 via various VRFs;10160;0;22;
10167;77.70.198.40;29;EIK HUB PTP IP space for reaching Internet in LTH2 via various VRFs;10160;0;22;
10168;77.70.198.48;29;EIK HUB PTP IP space for reaching Internet in LTH2 via various VRFs;10160;0;22;
10169;77.70.198.56;29;EIK HUB PTP IP space for reaching Internet in LTH2 via various VRFs;10160;0;22;
10170;77.70.198.64;29;EIK HUB PTP IP space for reaching Internet in LTH2 via various VRFs;10160;0;22;
10171;77.70.198.72;29;EIK HUB PTP IP space for reaching Internet in LTH2 via various VRFs;10160;0;22;
10172;77.70.198.80;29;EIK HUB PTP IP space for reaching Internet in LTH2 via various VRFs;10160;0;22;
10173;77.70.198.88;29;EIK HUB PTP IP space for reaching Internet in LTH2 via various VRFs;10160;0;22;
10174;77.70.198.96;29;EIK HUB PTP IP space for reaching Internet in LTH2 via various VRFs;10160;0;22;
10175;77.70.198.104;29;EIK HUB PTP IP space for reaching Internet in LTH2 via various VRFs;10160;0;22;
10176;77.70.198.112;29;EIK HUB PTP IP space for reaching Internet in LTH2 via various VRFs;10160;0;22;
10177;77.70.198.120;29;EIK HUB PTP IP space for reaching Internet in LTH2 via various VRFs;10160;0;22;
10198;77.70.226.0;24;EIK - HUB PtP Subnets;8577;50;22;
10213;77.70.197.48;30;TC-Land026;8566;0;22;
10214;77.70.197.52;30;TC-Land027;8566;0;22;
10215;77.70.197.56;30;TC-Land028;8566;0;22;
10217;77.70.195.48;30;TC-Land020 PtP Cisco-MikroTik;8557;0;22;
10218;77.70.195.52;30;TC-Land026 PtP Cisco-MikroTik;8557;0;22;
10219;77.70.195.56;30;TC-Land027 PtP Cisco-MikroTik;8557;0;22;
10220;77.70.195.60;30;LTH2 remote site PtP - free;8557;0;22;
10266;77.70.193.240;30;London TH2 - PtP, UK-LTH2-PE1, MPLSoGRE;8546;0;22;
10267;77.70.193.244;30;London TH2 - PtP, UK-LTH2-PE2, MPLSoGRE;8546;0;22;
10291;77.70.193.80;29;London TH2 - PtP, ISP routers VDOM08-OOB;8535;0;22;
10292;77.70.193.88;29;London TH2 - PtP, ISP routers VDOM09-TERANGA;8535;0;22;
10309;77.70.152.160;30;Dialog PtP - ROXGOLD-SITE02;8316;50;22;
10310;77.70.152.164;30;Dialog PtP - TFM-SITE02;8316;50;22;
10311;77.70.152.168;30;Dialog PtP - REMINAC-SITE01;8316;50;22;
10315;77.70.152.184;30;Dialog PtP - ECHO-SITE16 Tunel for TEST;8316;50;22;
10316;77.70.152.188;30;Dialog PtP - GRR-SITE01;8316;51;22;
10346;77.70.193.200;29;London TH2 -  PtP, PE routers vrf UNICEF-NOMEGA, reuse for Sparkle POC;8535;0;22;
10349;77.70.193.96;29;London TH2 - PtP, ISP routers - FTG V02-IA-LTH2-P, Sparkle POC;8535;0;22;
10351;77.70.193.112;29;London TH2 - PtP, ISP routers - KCA;8535;0;22;
10359;77.70.196.0;29;KCA-Deutag, hosting;8565;0;22;
10381;77.70.146.80;29;Aussaguel - backbone PtP, Dialog, Air9-Satnet1, vrf IA-TH2-U;8253;0;22;
10433;77.70.146.96;29;Paris TH2 - PtP, FR-PTH2-FWC01-SatADSL;8253;0;22;
10528;77.70.181.0;30;CST-SITE01: Newtec modem  - router;10477;60;22;
10535;77.70.194.24;29;Betzdorf - backbone PtP, Dialog, vrf IA-LTH2-P, AIR3 SATNET2;8548;51;22;
10558;77.70.151.16;29;Betzdorf - backbone PtP, Dialog, AIR4-Satnet3, vrf IA-TH2-U;8309;50;22;
10559;77.70.151.24;29;Betzdorf - backbone PtP, Dialog, AIR3-Satnet2, vrf IA-TH2-P;8309;51;22;
10598;77.70.156.144;30;TAPI-SITE03-VOIP;8380;50;22;
10599;77.70.156.148;30;TAPI-SITE04-VOIP;8380;50;22;
10600;77.70.156.152;30;TAPI-SITE06-VOIP;8380;50;22;
10601;77.70.156.156;30;TAPI-SITE07-VOIP;8380;50;22;
10644;77.70.152.48;29;Dialog PtP - MUMI-SITE01;8316;50;22;
10645;77.70.146.88;29;Aussaguel - backbone PtP, Dialog, Air9-Satnet1, vrf IA-TH2-U, Riverbed OPT;8253;50;22;
10698;77.70.197.68;30;TC-Land030;8566;0;22;
10704;77.70.152.208;30;Dialog PtP - ECHO-SITE16;8316;50;22;
10705;77.70.152.212;30;Dialog PtP - KCC-SITE07;8316;0;22;
10706;77.70.152.216;30;Dialog PtP - TFM-SITE03;8316;50;22;
10707;77.70.152.220;30;Dialog PtP - SARA-SITE02;8316;50;22;
10956;77.70.207.0;24;Sparkle POC, reuse vrf UNICEF-NOMEGA, without Megaport peering;8574;0;22;
11127;77.70.159.40;30;LAB, PtP FR-ASG-SUPFW (vd V02) - SBM-ASG-FW (vd TEST);6979;0;17;
11128;77.70.159.44;30;LAB, PtP FR-ASG-SUPFW (vd V02) - SBM-ASG-FW (vd TEST2);6979;0;17;
11161;77.70.195.252;30;LTH2 remote site ptp - UNICEF-POC;8557;63;22;
11164;77.70.206.0;24;Sparkle POC , vrf IA-LTH2-U, with Megaport peering;8574;63;22;
11167;77.70.206.0;29;Aussaguel - MPLS backbone PtP to OneLab, vrf IA-LTH2-U;11164;63;22;
11168;77.70.206.8;29;Aussaguel - OneLab backbone PtP to Dialog, Air1-Satnet1, vrf IA-LTH2-U;11164;63;22;
11169;77.70.207.0;29;Aussaguel - MPLS backbone PtP to OneLab, vrf UNICEF-NOMEGA, reuse for Sparkle POC;10956;0;22;
11170;77.70.207.8;29;Aussaguel - OneLab backbone PtP to Dialog, Air1-Satnet1, vrf UNICEF-NOMEGA, reuse for Sparkle POC;10956;0;22;
11172;77.70.206.16;29;Aussaguel - OneLab backbone PtP to SPARKLE-POC Branch#4, (Emulated VSAT),vrf IA-LTH2-U;11164;63;22;
11173;77.70.207.16;29;Aussaguel - OneLab backbone PtP to SPARKLE-POC Branch#4, (Direct Internet),vrf UNICEF-NOMEGA;10956;0;22;
11186;77.70.146.104;29;Aussaguel - backbone PtP Dialog, AIR13SN1, vrf IA-TH2-U;8253;0;22;
11192;77.70.179.128;31;US-NTH2-PE0x Loopback/ public BGP router IDs;12077;62;22;
11193;77.70.206.64;29;Aussaguel - OneLab Dialog DNS bind IP pool, Air1-Satnet1, vrf IA-LTH2-U;11164;63;22;
11194;77.70.207.64;29;Aussaguel - OneLab Dialog DNS bind IP pool, Air1-Satnet1, vrf UNICEF-NOMEGA, reuse for Sparkle POC;10956;0;22;
11538;77.70.181.8;30;EMSA-SITE01: Newtec modem - router;10477;62;22;
11550;77.70.162.76;30;EVENTS VSAT reserved;8473;0;22;
11583;77.70.206.72;29;Aussaguel - OneLab backbone PtP to SPARKLE-POC Branch#3, (Emulated VSAT),vrf IA-LTH2-U;11164;63;22;
11591;77.70.181.16;30;UNICEF-SITE01 -  Dialog - router PtP;10477;62;22;
11592;77.70.181.20;30;UNICEF-SITE02 - Newtec - router PtP;10477;62;22;
11609;77.70.168.0;23;IRC sites;8484;50;22;
11713;77.70.153.8;30;Dialog PtP - IRC-SITE03;8316;50;22;
11716;77.70.153.20;30;Dialog PtP - IRC-SITE06;8316;50;22;
11718;77.70.153.28;30;Dialog PtP - IRC-SITE08;8316;50;22;
11719;77.70.153.32;30;Dialog PtP - IRC-SITE09;8316;50;22;
11720;77.70.153.36;30;Dialog PtP - IRC-SITE10;8316;50;22;
11721;77.70.153.40;30;Dialog PtP - IRC-SITE11;8316;50;22;
11727;77.70.153.64;30;Dialog PtP - IRC-SITE17;8316;50;22;
11728;77.70.153.68;30;Dialog PtP - IRC-SITE18;8316;50;22;
11729;77.70.153.72;30;Dialog PtP - IRC-SITE19;8316;50;22;
11730;77.70.153.76;30;Dialog PtP - IRC-SITE20;8316;50;22;
11731;77.70.153.80;30;Dialog PtP - IRC-SITE21;8316;50;22;
11732;77.70.153.84;30;Dialog PtP - IRC-SITE22;8316;50;22;
11733;77.70.153.88;30;Dialog PtP - IRC-SITE23;8316;50;22;
11735;77.70.153.96;30;Dialog PtP - IRC-SITE25;8316;50;22;
11736;77.70.153.100;30;Dialog PtP - IRC-SITE26;8316;50;22;
11738;77.70.153.108;30;Dialog PtP - IRC-SITE28;8316;50;22;
11739;77.70.153.112;30;Dialog PtP - IRC-SITE29;8316;50;22;
11740;77.70.153.116;30;Dialog PtP - IRC-SITE30;8316;50;22;
11741;77.70.153.120;30;Dialog PtP - IRC-SITE31;8316;50;22;
11742;77.70.153.124;30;Dialog PtP - IRC-SITE32;8316;50;22;
11743;77.70.153.128;30;Dialog PtP - IRC-SITE33;8316;50;22;
11745;77.70.153.136;30;Dialog PtP - IRC-SITE39;8316;50;22;
11750;77.70.153.156;30;Dialog PtP - IRC-SITE40;8316;50;22;
11751;77.70.153.160;30;Dialog PtP - IRC-SITE41;8316;50;22;
11752;77.70.153.164;30;Dialog PtP - IRC-SITE42;8316;50;22;
11753;77.70.153.168;30;Dialog PtP - IRC-SITE43;8316;50;22;
11754;77.70.153.172;30;Dialog PtP - IRC-SITE44;8316;50;22;
11755;77.70.153.176;30;Dialog PtP - IRC-SITE45;8316;50;22;
11756;77.70.153.180;30;Dialog PtP - IRC-SITE46;8316;50;22;
11757;77.70.153.184;30;Dialog PtP - IRC-SITE47;8316;50;22;
11758;77.70.153.188;30;Dialog PtP - IRC-SITE48;8316;50;22;
11759;77.70.153.192;30;Dialog PtP - IRC-SITE49;8316;50;22;
11760;77.70.153.196;30;Dialog PtP - IRC-SITE50;8316;50;22;
11766;77.70.153.200;30;Dialog PTP - BAHU-SITE01;8316;50;22;
11811;77.70.206.24;29;Aussaguel - backbone PtP, Dialog, AIR13-Satnet1, vrf IA-LTH2-U;11164;63;22;
11812;77.70.207.72;29;Aussaguel - OneLab backbone PtP to SPARKLE-POC Branch#3, (Direct Internet),vrf UNICEF-NOMEGA;10956;63;22;
11975;77.70.197.112;30;TC-Land041;8566;0;22;
11976;77.70.197.116;30;TC-Land042;8566;0;22;
12018;77.70.162.96;30;DAKAR-SITE01;8480;0;22;
12019;77.70.162.100;30;DAKAR-SITE02;8480;0;22;
12020;77.70.162.104;30;DAKAR-SITE03;8480;0;22;
12021;77.70.162.108;30;DAKAR-SITE04;8480;0;22;
12022;77.70.162.112;30;DAKAR-SITE05;8480;0;22;
12023;77.70.162.116;30;EVENTS VSAT reserved_6;8480;0;22;
12024;77.70.162.120;30;EVENTS VSAT reserved_7;8480;0;22;
12025;77.70.162.124;30;EVENTS VSAT reserved_8;8480;0;22;
12052;77.70.142.0;23;Customer PA assignments;8096;0;22;
12056;77.70.158.0;24;Customer PA assignments;8227;0;22;
12060;77.70.162.0;27;EVENTS VSAT reserved;8473;50;22;
12061;77.70.162.32;27;EVENTS VSAT reserved;8473;50;22;
12062;77.70.162.68;30;EVENT-SITE02;8473;50;22;
12063;77.70.162.72;30;EVENT-SITE03;8473;50;22;
12064;77.70.162.76;30;EVENTS VSAT reserved;8473;50;22;
12065;77.70.162.80;28;EVENTS VSAT reserved;8473;50;22;
12066;77.70.162.96;27;EVENTS VSAT reserved;8473;50;22;
12067;77.70.162.96;30;DAKAR-SITE01;12066;50;22;
12068;77.70.162.100;30;DAKAR-SITE02;12066;50;22;
12069;77.70.162.104;30;DAKAR-SITE03;12066;50;22;
12070;77.70.162.108;30;DAKAR-SITE04;12066;50;22;
12071;77.70.162.112;30;DAKAR-SITE05;12066;50;22;
12072;77.70.162.116;30;EVENTS VSAT reserved;12066;50;22;
12073;77.70.162.120;30;EVENTS VSAT reserved;12066;50;22;
12074;77.70.162.124;30;EVENTS VSAT reserved;12066;50;22;
12075;77.70.162.128;25;EVENTS VSAT reserved;8473;50;22;
12077;77.70.178.0;23;Backbone Interconnects;8485;62;22;
12078;77.70.179.0;25;USA NYCTH2 (Atlanta, Manassas, Napa HUBs) - IC Dialog - Customers;12077;62;22;
12079;77.70.179.8;29;Manassas - backbone PtP, Dialog, Air12-Satnet1, vrf MT-IA-NTH2;12078;62;22;
12080;77.70.179.16;29;NAPA - IC Dialog - Customers _3;12078;62;22;
12081;77.70.179.24;29;NAPA - IC Dialog - Customers _4;12078;62;22;
12082;77.70.179.32;29;NAPA - IC Dialog - Customers _5;12078;62;22;
12083;77.70.179.40;29;NAPA - IC Dialog - Customers _6;12078;62;22;
12084;77.70.179.48;29;NAPA - IC Dialog - Customers _7;12078;62;22;
12085;77.70.179.56;29;NAPA - IC Dialog - Customers _8;12078;62;22;
12086;77.70.179.64;29;NAPA - IC Dialog - Customers _9;12078;62;22;
12087;77.70.179.72;29;NAPA - IC Dialog - Customers _10;12078;62;22;
12088;77.70.179.80;29;NAPA - IC Dialog - Customers _11;12078;62;22;
12089;77.70.179.88;29;NAPA - IC Dialog - Customers _12;12078;62;22;
12090;77.70.179.96;29;NAPA - IC Dialog - Customers _13;12078;62;22;
12091;77.70.179.104;29;NAPA - IC Dialog - Customers _14;12078;62;22;
12092;77.70.179.112;29;NAPA - IC Dialog - Customers _15;12078;62;22;
12093;77.70.179.120;29;NAPA - IC Dialog - Customers _16;12078;62;22;
12094;77.70.179.240;30;IC#1 to NYTH1, Technology MSS network, Internet provision;12077;62;22;
12095;77.70.179.244;30;IC#2 to NYTH1, Technology MSS network, Internet provision;12077;62;22;
12099;77.70.181.0;30;CST-SITE01: Newtec modem  - router;10477;62;22;
12101;77.70.192.64;27;EoM DMVPN London Internet - London TH2;8534;86;22;
12115;77.70.195.252;30;LTH2 remote site PtP - UNICEF-POC;8557;86;22;
12117;77.70.197.16;30;Reserved for TC-Land018;8566;86;22;
12121;77.70.197.36;30;Reserved for TC-Land023;8566;86;22;
12137;77.70.207.72;29;Aussaguel - OneLab backbone PtP to SPARKLE-POC Branch#3, (Direct Internet),vrf UNICEF-NOMEGA;10956;86;22;
12171;77.70.194.32;29;Aussaguel - backbone PtP, Dialog, vrf IA-LTH2-P, AIR14SN1, GRFI;8548;0;22;
12172;77.70.194.40;29;Aussaguel - backbone PtP, Dialog, vrf IA-LTH2-P, AIR14SN1, IA-LTH2-P;8548;0;22;
12173;77.70.194.48;29;Aussaguel - backbone PtP, Dialog, vrf IA-LTH2-P, AIR14SN1, IA-LTH2-U;8548;0;22;
12174;77.70.151.32;29;Aussaguel - backbone PtP, Dialog, AIR13SN1, vrf IA-TH2-P;8309;0;22;
12175;77.70.151.40;29;Aussaguel - backbone PtP, Dialog, AIR13SN1, vrf IA-TH2-U;8309;0;22;
12178;77.70.194.56;29;	Aussaguel - backbone PtP, Dialog, vrf IA-LTH2-P, AIR14SN1, Teranga;8548;0;22;
12199;77.70.151.48;28;EoM DMVPN Paris Internet - London TH2 (NAVYBOX POC);8309;50;22;
12250;77.70.194.64;29;Betzdorf - backbone PtP, Dialog AIR4.SN2;8548;0;22;
12251;77.70.194.72;29;Betzdorf- backbone PtP, Dialog, vrf IA-LTH2-P, AIR4SN2, vrf IA-LTH2-P;8548;0;22;
12254;77.70.194.80;29;Betzdorf- backbone PtP, Dialog, vrf IA-LTH2-P, AIR4SN2, vrf TERANGA;8548;0;22;
12259;77.70.194.88;29;Betzdorf- backbone PtP, Dialog, AIR4SN2, vrf VERGNET;8548;0;22;
12270;77.70.151.72;29;Paris - MAHD - IPsec for TerraVox;8309;50;22;
12311;77.70.194.128;25;LTH2 Dialog platforms - PtP IP;8533;0;22;
12312;77.70.194.128;29;XXXX-SITE01 - PtP Russian Rails PoC;12311;0;22;
12313;77.70.194.136;29;VERGNET - PtP with AIR14.SN1;12311;0;22;
12347;77.70.152.88;30;Dialog-PtP - ECHO-SITE12;8316;50;22;
12352;77.70.132.24;30;BETZDORF PtPs - Dialog-Site router OSCE-SITE01;12348;50;22;
12355;77.70.132.40;30;BETZDORF PtPs - Dialog-Site router RAHO-SITE01;12348;50;22;
12356;77.70.132.44;30;BETZDORF PtPs - Dialog-Site router RAHO-SITE02;12348;50;22;
12357;77.70.132.48;30;BETZDORF PtPs - Dialog-Site router UNFPA-SITE81;12348;50;22;
12359;77.70.134.0;23;Customer PA assignments;8096;0;22;
12400;77.70.148.64;26;Virtual Platform in PTH2;8282;0;22;
12401;77.70.192.0;28;LTH2 Loopbacks ISP;8534;0;22;
12430;77.70.159.96;29;TEST/REF: LAB-INET-SITE05 on TST-BRA-2;6979;0;17;
12431;77.70.159.104;29;UNHCR-ASG-POC - remote public subnet routed to UNHCR-ASG-ROUTER;6979;0;17;
12432;77.70.159.112;29;Dialog LAB - Free_3;6979;0;17;
12433;77.70.159.120;29;TEST/REF: TST-ASG-4;6979;0;17;
14164;77.70.146.176;29;Paris TH2 - backbone PtP, FR-PTH2-FWC01, VDOM01-IA-U, vrf WFP;8253;92;22;
14557;77.70.177.0;29;WFP-SITE015;12463;92;22;
14558;77.70.177.8;29;WFP-SITE060;12463;92;22;
14559;77.70.177.16;29;WFP-SITE084;12463;92;22;
14560;77.70.177.24;29;WFP-SITE089;12463;92;22;
14561;77.70.177.32;29;WFP-SITE091;12463;92;22;
14562;77.70.177.40;29;WFP-SITE112;12463;92;22;
14563;77.70.177.48;29;WFP-SITE121;12463;92;22;
14564;77.70.177.56;29;WFP-SITE122;12463;92;22;
14565;77.70.177.64;29;WFP-SITE123;12463;92;22;
14566;77.70.177.72;29;WFP-SITE124;12463;92;22;
14567;77.70.177.80;29;WFP-SITE125;12463;92;22;
14568;77.70.177.88;29;WFP-SITE126;12463;92;22;
14569;77.70.177.96;29;WFP-SITE190;12463;92;22;
14570;77.70.177.104;29;WFP-SITE225;12463;92;22;
14694;77.70.147.128;25;Public Dialog Uplink Proxy IP - all public VRFs via PTH2;8278;0;22;
14695;77.70.199.128;25;Public Dialog Uplink Proxy IP - all public VRFs via LTH2;10159;0;22;
14696;77.70.178.128;25;Public Dialog Uplink Proxy IP - all public VRFs via NTH2;12077;62;22;
14697;77.70.147.128;32;AIR9.SN1, vrf OCHA - Dialog Uplink Proxy IP;14694;5;22;
14698;77.70.147.129;32;AIR13.SN1, vrf IA-TH2-U - Dialog Uplink Proxy IP;14694;50;22;
14699;77.70.147.130;32;AIR13.SN2, vrf IA-TH2-U - Dialog Uplink Proxy IP;14694;50;22;
14710;77.70.136.128;29;ETC-SITE032 - customer LAN (child of WFP-SITE032);14709;50;22;
14711;77.70.136.136;29;ETC-SITE036 - customer LAN (child of WFP-SITE036);14709;50;22;
14712;77.70.136.144;29;ETC-SITE037 - customer LAN (child of WFP-SITE037);14709;50;22;
14713;77.70.136.152;29;ETC-SITE039 - customer LAN (child of WFP-SITE039);14709;50;22;
14714;77.70.136.160;29;ETC-SITE040 - customer LAN (child of WFP-SITE040);14709;50;22;
14715;77.70.136.168;29;ETC-SITE330 - customer LAN (child of WFP-SITE330);14709;50;22;
14716;77.70.137.0;29;UNICEF-SITE037 - customer LAN (child of WFP-SITE037);16984;50;22;
14717;77.70.137.8;29;UNICEF-SITE237 - customer LAN (child of WFP-SITE237);16984;50;22;
14718;77.70.137.16;29;UNICEF-SITE167 - customer LAN (child of WFP-SITE167);16984;50;22;
14719;77.70.137.24;29;UNICEF-SITE169 - customer LAN (child of WFP-SITE169);16984;50;22;
14720;77.70.137.32;29;UNICEF-SITE170 - customer LAN (child of WFP-SITE170);16984;50;22;
14721;77.70.137.40;29;UNICEF-SITE170GUEST - customer LAN (child of WFP-SITE170);16984;50;22;
14723;77.70.137.56;29;UNICEF-SITE180 - customer LAN (child of WFP-SITE180);16984;50;22;
14725;77.70.137.72;29;UNICEF-SITE193 - customer LAN (child of WFP-SITE193);16984;50;22;
14728;77.70.137.96;29;UNICEF-SITE253 - customer LAN (child of WFP-SITE253);16984;50;22;
14730;77.70.137.112;29;UNICEF-SITE325 - customer LAN (child of WFP-SITE325);16984;50;22;
14731;77.70.153.208;30;Dialog PtP - ETC-SITE032 (child of WFP-SITE032);8316;50;22;
14732;77.70.153.212;30;Dialog PtP - ETC-SITE036 (child of WFP-SITE036);8316;50;22;
14733;77.70.153.216;30;Dialog PtP - UNICEF-SITE037 (child of WFP-SITE037);8316;50;22;
14734;77.70.153.220;30;Dialog PtP - ETC-SITE039 (child of WFP-SITE039);8316;50;22;
14735;77.70.153.224;30;Dialog PtP - ETC-SITE040 (child of WFP-SITE040);8316;50;22;
14736;77.70.153.228;30;Dialog PtP - ETC-SITE330 (child of WFP-SITE330);8316;50;22;
14756;77.70.153.232;30;Dialog PtP - FAO-SITE001;8316;50;22;
14757;77.70.153.236;30;Dialog PtP - FAO-SITE002;8316;50;22;
14758;77.70.153.240;30;Dialog PtP - FAO-SITE003;8316;50;22;
14759;77.70.153.244;30;Dialog PtP - FAO-SITE004;8316;50;22;
14760;77.70.153.248;30;Dialog PtP - FAO-SITE005;8316;50;22;
14761;77.70.153.252;30;Dialog PtP - FAO-SITE006;8316;50;22;
14762;77.70.154.0;30;Dialog PtP - FAO-SITE007;8316;50;22;
14764;77.70.154.8;30;Dialog PtP - FAO-SITE010;8316;50;22;
14765;77.70.154.12;30;Dialog PtP - FAO-SITE012;8316;50;22;
14766;77.70.154.16;30;Dialog PtP - FAO-SITE013;8316;50;22;
14768;77.70.154.24;30;Dialog PtP - FAO-SITE016;8316;50;22;
14769;77.70.154.28;30;Dialog PtP - FAO-SITE017;8316;50;22;
14771;77.70.154.36;30;Dialog PtP - FAO-SITE019;8316;50;22;
14773;77.70.154.44;30;Dialog PtP - FAO-SITE023;8316;50;22;
14776;77.70.154.56;30;Dialog PtP - FAO-SITE027;8316;50;22;
14777;77.70.154.60;30;Dialog PtP - FAO-SITE028;8316;50;22;
14779;77.70.154.68;30;Dialog PtP - FAO-SITE030;8316;50;22;
14780;77.70.154.72;30;Dialog PtP - FAO-SITE031;8316;50;22;
14786;77.70.154.96;30;Dialog PtP - FAO-SITE037;8316;50;22;
14787;77.70.154.100;30;Dialog PtP - FAO-SITE038;8316;50;22;
14788;77.70.154.104;30;Dialog PtP - FAO-SITE039;8316;50;22;
14789;77.70.154.108;30;Dialog PtP - FAO-SITE040;8316;50;22;
14790;77.70.154.112;30;Dialog PtP - FAO-SITE044;8316;50;22;
14791;77.70.154.116;30;Dialog PtP - FAO-SITE045;8316;50;22;
14792;77.70.154.120;30;Dialog PtP - FAO-SITE057 (child of WFP-SITE057);8316;50;22;
14793;77.70.154.124;30;Dialog PtP - FAO-SITE092 (child of WFP-SITE092);8316;50;22;
14794;77.70.154.128;30;Dialog PtP - FAO-SITE151 (child of WFP-SITE151);8316;50;22;
14796;77.70.154.136;30;Dialog PtP - UNICEF-SITE253 (child of WFP-SITE253);8316;50;22;
14797;77.70.154.140;30;Dialog PtP - FAO-SITE263 (child of WFP-SITE263);8316;50;22;
14798;77.70.154.144;30;Dialog PtP - FAO-SITE267 (child of WFP-SITE267);8316;50;22;
14799;77.70.154.148;30;Dialog PtP - UNICEF-SITE237 (child of WFP-SITE0237);8316;50;22;
14800;77.70.154.152;30;Dialog PtP - UNICEF-SITE167 (child of WFP-SITE167);8316;50;22;
14801;77.70.154.156;30;Dialog PtP - UNICEF-SITE169 (child of WFP-SITE169);8316;50;22;
14802;77.70.154.160;30;Dialog PtP - UNICEF-SITE170 (child of WFP-SITE170);8316;50;22;
14804;77.70.154.168;30;Dialog PtP - UNICEF-SITE180 (child of WFP-SITE180);8316;50;22;
14806;77.70.154.176;30;Dialog PtP - UNICEF-SITE193 (child of WFP-SITE193);8316;50;22;
14810;77.70.154.192;30;Dialog PtP - UNICEF-SITE325 (child of WFP-SITE325);8316;50;22;
14860;77.70.181.24;30;Dialog PtP - FAO-SITE011;10477;62;22;
14861;77.70.181.28;30;Dialog PtP - FAO-SITE020;10477;62;22;
14862;77.70.193.232;30;LTH2-PTH2 interco for Cloud conection PRI;8535;0;22;
14863;77.70.193.236;30;LTH2-PTH2 interco for Cloud connection STB;8535;0;22;
14865;77.70.147.131;32;AIR3.SN2, vrf WFP - Dialog Uplink Proxy IP;14694;92;22;
14866;77.70.146.112;29;Aussaguel - backbone PtP, Dialog, AIR13SN2, vrf IA-TH2-U;8253;50;22;
14868;77.70.159.152;29;LAB-ASG-NGCPE-SITE01, NGCPE lab, NG-SITE01;6979;0;17;
15031;77.70.147.132;32;AIR4.SN3, vrf IA-TH2-U - Dialog Uplink Proxy IP;14694;50;22;
15103;77.70.147.133;32;AIR3.SN2, vrf IA-TH2-U - Dialog Uplink Proxy IP;14694;51;22;
15116;77.70.193.224;30;LTH2-AMSTERDAM interco for Cloud conection PRI;8535;0;22;
15117;77.70.193.228;30;LTH2-AMSTERDAM interco for Cloud conection SEC;8535;0;22;
15118;77.70.145.40;29;Paris TH2 - ISP backbone, PtP, VDOM003-WHO;8228;50;22;
15119;77.70.145.136;29;Paris TH2 - ISP backbone, PtP, VDOM010-JAD;8228;95;22;
15168;77.70.146.120;29;Aussaguel - backbone PtP, Dialog, AIR14SN2, vrf IA-TH2-U;8253;0;22;
15170;77.70.146.16;29;Aussaguel - backbone PtP Dialog, AIR14SN2, vrf IA-TH2-U;8253;0;22;
15179;77.70.147.134;32;AIR14.SN2, vrf IA-TH2-U - Dialog Uplink Proxy IP;14694;50;22;
15232;77.70.132.52;30;BETZDORF PtPs - Dialog-Site router OSCE-SITE03;12348;0;22;
15233;77.70.132.56;30;BETZDORF PtPs - Dialog-Site router OSCE-SITE04;12348;0;22;
15245;77.70.193.168;29;Addax Petroleum, interco PalloAlto with ISP routers;8535;0;22;
15247;77.70.181.4;30;Dialog Router PtP - WBG-SITE56;10477;62;22;
15417;77.70.146.24;29;Manassas - backbone PtP, Dialog, Air12-Satnet1, vrf IA-TH2-U;8253;50;22;
15418;77.70.147.135;32;AIR12.SN1, vrf IA-TH2-U - Dialog Uplink Proxy IP;14694;50;22;
15434;77.70.147.136;32;Maritime X01_EIK.HPS1, vrf WFP - Dialog Uplink Proxy IP;14694;92;22;
15471;77.70.181.32;30;IFES-SITE01 - remote PtP modem-router;10477;62;22;
15473;77.70.151.64;29;Eik - backbone PtP Dialog, Maritime X01_EIK.HPS1, vrf IA-TH2-U;8309;50;22;
15474;77.70.147.137;32;Maritime X01_EIK.HPS1, vrf IA-TH2-U - Dialog Uplink Proxy IP;14694;50;22;
15537;77.70.147.138;32;AIR3.SN3, vrf OCHA - Dialog Uplink Proxy IP;14694;5;22;
15567;77.70.195.64;30;TC-Land032 PTP_Cisco-MikroTik;8557;0;22;
15568;77.70.197.60;30;TC-Land032;8566;0;22;
15579;77.70.192.16;28;LTH2 loopbacks on PEs;8534;0;22;
16255;77.70.152.108;30;UNICEF-SITE191 - remote PtP modem-router;8316;50;22;
16258;77.70.147.139;32;AIR14.SN2, vrf WFP - Dialog Uplink Proxy IP;14694;92;22;
16261;77.70.147.140;32;EIK_X01, vrf IA-TH2-U;14694;0;22;
16272;77.70.151.80;29;Paris TH2 - backbone PtP, FR-PTH2-FWC01, VDOM01-IA-U, vrf UNICEF;8309;97;22;
16279;77.70.147.141;32;AIR3.SN1, vrf UNICEF - Dialog Uplink Proxy IP;14694;97;22;
16280;77.70.147.142;32;AIR3.SN2, vrf UNICEF - Dialog Uplink Proxy IP;14694;97;22;
16281;77.70.147.143;32;AIR3.SN3, vrf UNICEF - Dialog Uplink Proxy IP;14694;97;22;
16282;77.70.147.144;32;AIR4.SN3, vrf UNICEF - Dialog Uplink Proxy IP;14694;97;22;
16283;77.70.147.145;32;AIR13.SN2, vrf UNICEF - Dialog Uplink Proxy IP;14694;97;22;
16314;77.70.147.146;32;ASG_X01.HPS2.V1901.IA-TH2-U;14694;0;22;
16315;77.70.147.147;32;ASG_X01.HPS2.V1990.WFP;14694;0;22;
16316;77.70.147.148;32;ASG_X01.HPS2.V1997.UNICEF;14694;0;22;
16317;77.70.147.149;32;EIK_X01.HPS1.V1997.UNICEF;14694;97;22;
16318;77.70.195.72;30;Dialot PtP - TTLM-SITE01;8557;63;22;
16324;77.70.199.128;32;EIK_X01.HPS1.V1914.IA-LTH2-U;14695;63;22;
16365;77.70.177.112;29;WFP-SITE145 - customer LAN;12463;92;22;
16366;77.70.177.120;29;WFP-SITE226 - customer LAN;12463;92;22;
16367;77.70.177.128;29;WFP-SITE313 - customer LAN;12463;92;22;
16372;77.70.181.40;30;Dialog PtP - FAO-SITE026;10477;62;22;
16378;77.70.145.144;29;Paris TH2 - ISP backbone, PtP to FW02, VDOM root;8228;50;22;
16398;77.70.152.128;30;Dialog PtP - MEDCN-SITE01;8316;0;22;
16399;77.70.152.92;30;Dialog PtP - MEDCN-SITE02;8316;0;22;
16400;77.70.152.0;30;SMM-SITE01 - remote PtP modem-router;8316;50;22;
16427;77.70.181.44;30;Dialog PtP - UAC-SITE01;10477;62;22;
16432;77.70.152.172;30;PER-SITE03 PtP modem-router;8316;51;22;
16444;77.70.147.150;32;EIK_X01.HPS2.V1902.IA-TH2-P;14694;51;22;
16453;77.70.147.151;32;FUS_X01.HPS9.V1901.IA-TH2-U;14694;0;22;
16524;77.70.169.144;30;IRC-SITE11 temporary internet on modem;11609;50;22;
16529;77.70.162.32;30;Marlink Events tests 11/2020;12061;50;22;
16551;77.70.147.152;32;FUS_X01.HPS9.V1983.TVOX;14694;87;22;
16575;77.70.151.88;29;Aussaguel - backbone PtP, Dialog, AIR14SN2, vrf IA-TH2-P;8309;51;22;
16576;77.70.147.153;32;AIR14.SN2, vrf IA-TH2-P - Dialog Uplink Proxy IP;14694;51;22;
16582;77.70.147.154;32;FUS_X01.HPS2.V1901.IA-TH2-U;14694;0;22;
16583;77.70.147.155;32;ASG_X01.HPS4.V1990.WFP;14694;92;22;
16586;77.70.147.156;32;FUS_X01.HPS2.V1990.WFP;14694;0;22;
16587;77.70.147.157;32;FUS_X01.HPS9.V1990.WFP;14694;0;22;
16589;77.70.147.158;32;ASG_X01.HPS4.V1901.IA-TH2-U;14694;50;22;
16664;77.70.146.44;30;PtP with Aussaguel HUB for internet feed - secondary;8253;50;22;
16955;77.70.147.159;32;ASG_X01.HPS2.V1922.OCHA;14694;5;22;
16956;77.70.147.160;32;AIR13.SN2, vrf OCHA - Dialog Uplink Proxy IP;14694;5;22;
16974;77.70.147.161;32;ASG_X01.HPS4.V1922.OCHA;14694;0;22;
16975;77.70.147.162;32;ASG_X01.HPS4.V1997.UNICEF;14694;0;22;
17026;77.70.154.164;30;Dialog PtP - FAO-SITE046;8316;50;22;
17032;77.70.152.176;30;PER-SITE06 PtP modem-router;8316;51;22;
17033;77.70.152.180;30;PER-SITE05 PtP modem-router;8316;51;22;
17034;77.70.152.140;30;PER-SITE04 PtP modem-router;8316;51;22;
17144;77.70.176.184;32;SBM-SITE03 - Manassas (NTH2) public NAT IP - Media users;17140;0;22;
17150;77.70.176.185;32;SBM-SITE04 - Manassas (NTH2) public NAT IP - Media users;17140;0;22;
17151;77.70.176.186;32;SBM-SITE05 - Manassas (NTH2) public NAT IP - Media users;17140;0;22;
17152;77.70.176.187;32;SBM-SITE06 - Manassas (NTH2) public NAT IP - Media users;17140;0;22;
17153;77.70.176.188;32;SBM-SITE07 - Manassas (NTH2) public NAT IP - Media users;17140;0;22;
17154;77.70.176.189;32;SBM-SITE08 - Manassas (NTH2) public NAT IP - Media users;17140;0;22;
17155;77.70.176.190;32;SBM-SITE09 - Manassas (NTH2) public NAT IP - Media users;17140;0;22;
17168;77.70.156.120;29;AIR-SITE01-GAO-MALI-LAN;12055;50;22;
17169;77.70.157.0;30;AIR-SITE01-GAO-MALI-PtP;12055;50;22;
17170;77.70.145.152;30;Paris TH2 - Airbus GAO Mali site, Tunnel primary;8228;50;22;
17171;77.70.145.156;30;Paris TH2 - Airbus GAO Mali site, Tunnel secondary;8228;50;22;
17180;77.70.147.163;32;AIR14.SN2.V1137.UNICEF;14694;97;22;
17227;77.70.147.164;32;AIR2.SN1.V397.UNICEF;14694;0;22;
17230;77.70.147.165;32;AIR12.SN1.V397.UNICEF;14694;0;22;
17235;77.70.176.96;30;TC-Land043;8485;62;22;
17252;77.70.182.200;30;ECHO-SITE07;8488;0;22;
17253;77.70.147.166;32;EIK_X01.HPS1.V1997.UNICEF;14694;0;22;
17254;77.70.194.104;29;AIR3.SN1.V316.IA-LTH2-U;8548;0;22;
17291;77.70.181.48;29;DBI-SITE01 - PtP HUB PEs - remote routers;10477;62;22;
17292;77.70.181.56;29;DBI-SITE02 - PtP HUB PEs - remote routers;10477;62;22;
17293;77.70.181.64;29;DBI-SITE03 - PtP HUB PEs - remote routers;10477;62;22;
17294;77.70.181.72;29;DBI-SITE04 - PtP HUB PEs - remote routers;10477;62;22;
17299;77.70.159.48;30;SBM-ASG - remote public subnet routed to SBM-ASG-FW;6979;0;17;
17302;77.70.152.224;30;Dialog PtP - IOM-SITE02;8316;50;22;
17312;77.70.194.112;29;GERW-SITE01, PtP with MDM6000;8548;0;22;
17318;77.70.147.167;32;AIR4.SN4.V2337.UNICEF;14694;0;22;
17320;77.70.152.96;30;Dialog PtP - ENDEAVOUR-SITE08;8316;50;22;
17337;77.70.152.228;30;Dialog PtP - SOCFIN-SITE14;8316;50;22;
17338;77.70.178.0;29;NTH2 - ISP backbone, PtP, VDOM01-IA-U;12077;62;22;
17339;77.70.178.8;29;NTH2 - ISP backbone, PtP, VDOM02-SBMWF;12077;62;22;
17343;77.70.152.232;30;Dialog PtP - IOM-SITE03;8316;50;22;
17359;77.70.193.220;30;LTH2-EIK interco for Cloud connection secondary;8535;0;22;
17361;77.70.193.216;30;LTH2-EIK interco for Cloud connection Primary;8535;0;22;
17362;77.70.184.64;29;DBI-SITE01 - remote routers  customer LAN IC;17271;0;22;
17363;77.70.184.72;29;DBI-SITE02 - remote routers  customer LAN IC;17271;0;22;
17364;77.70.184.80;29;DBI-SITE03 - remote routers  customer LAN IC;17271;0;22;
17365;77.70.184.88;29;DBI-SITE04 - remote routers  customer LAN IC;17271;0;22;
17368;77.70.147.168;32;BTZ_X01.HPS1.V1901.IA-TH2-U;14694;0;22;
17370;77.70.147.169;32;BTZ_X01.HPS1.V1925.UNIA;14694;0;22;
17371;77.70.147.170;32;BTZ_X01.HPS1.V1926.UNFPA;14694;0;22;
17372;77.70.147.171;32;BTZ_X01.HPS1.V1922.OCHA;14694;0;22;
17373;77.70.147.172;32;BTZ_X01.HPS1.V1990.WFP;14694;0;22;
17374;77.70.147.173;32;BTZ_X01.HPS1.V1997.UNICEF;14694;0;22;
17392;77.70.152.236;30;Dialog PtP - IOM-SITE05;8316;50;22;
17410;77.70.134.156;30;WHO-DC001 Test LAN;12359;0;22;
17417;77.70.154.172;30;Dialog PtP - FAO-SITE018 (child of UNICEF-SITE075;8316;50;22;
17426;77.70.147.174;32;ASG_X01.HPS5.V1901.IA-TH2-U;14694;0;22;
17427;77.70.147.175;32;ASG_X01.HPS5.V1990.WFP;14694;0;22;
17428;77.70.147.176;32;ASG_X01.HPS5.V1997.UNICEF;14694;0;22;
17429;77.70.147.177;32;ASG_X01.HPS5.V1904.IA-LTH2-U;14694;0;22;
17622;77.70.154.48;30;Dialog PtP - FAO-SITE024;8316;0;22;
17635;77.70.197.160;29;WFP - London BGAN OOB public NAT pool;8566;0;22;
17656;77.70.154.132;30;Dialog PtP - FAO-SITE021 (child of UNICEF-SITE086);8316;50;22;
17657;77.70.147.178;32;FUS_X01.HPS2.V1997.UNICEF;14694;0;22;
17660;77.70.147.179;32;FUS_X01.HPS6.V1901.IA-TH2-U;14694;0;22;
17661;77.70.146.184;29;Aussaguel - backbone PtP, Dialog, AIR2SN1, vrf IA-TH2-U;8253;50;22;
17662;77.70.146.56;29;Aussaguel - backbone PtP, Dialog, AIR2SN1, vrf IA-TH2-P;8253;51;22;
17665;77.70.147.180;32;AIR2.SN1.V373.WBG;14694;0;22;
17666;77.70.147.181;32;AIR2.SN1.V310.IA-TH2-U;14694;0;22;
17667;77.70.147.182;32;AIR2.SN1.V311.IA-TH2-P;14694;0;22;
17674;77.70.145.160;29;PTH2 ISP  VDOM11-CRS IC;8228;50;22;
17677;77.70.152.240;30;Dialog PtP - ENDEAVOUR-SITE06;8316;50;22;
17679;77.70.147.183;32;AIR3.SN3.V507.UNFPA;14694;0;22;
17680;77.70.147.184;32;AIR4.SN1.V1136.WFP;14694;0;22;
17682;77.70.193.104;29;London TH2 - PtP, ISP routers VDOM V10-CRS;8535;0;22;
17784;77.70.147.185;32;EIK_X01.HPS1.V1922.OCHA;14694;0;22;
17785;77.70.147.186;32;EIK_X01.HPS1.V1925.UNIA;14694;0;22;
17986;77.70.142.0;29;ACF-SITE001;17985;50;22;
17987;77.70.142.8;29;ACF-SITE002;17985;50;22;
17988;77.70.142.16;29;ACF-SITE003;17985;50;22;
17989;77.70.142.24;29;ACF-SITE004;17985;50;22;
17990;77.70.152.244;30;Dialog PtP - ACF-SITE001;8316;50;22;
17991;77.70.152.248;30;Dialog PtP - ACF-SITE002;8316;50;22;
17992;77.70.154.196;30;Dialog PtP - ACF-SITE003;8316;50;22;
17993;77.70.154.200;30;Dialog PtP - ACF-SITE004;8316;50;22;
18004;77.70.154.204;30;Dialog-PtP - ECHO-SITE04;8316;50;22;
18011;77.70.153.12;30;Dialog PtP - PUI-SITE001;8316;50;22;
18012;77.70.153.16;30;Dialog PtP - PUI-SITE002;8316;50;22;
18013;77.70.153.24;30;Dialog PtP - PUI-SITE003;8316;50;22;
18014;77.70.153.44;30;Dialog PtP - PUI-SITE004;8316;50;22;
18035;77.70.198.128;25;Public Dialog Uplink Proxy IPs;8533;0;22;
18039;77.70.170.0;29;CRS - SatADSL NAT subnet #1;17675;105;22;
18040;77.70.170.8;30;CRS - SatADSL NAT subnet #2;17675;105;22;
18051;77.70.147.187;32;AIR13.SN1.V1353.OCHA;14694;0;22;
18055;77.70.201.0;29;CRS - SatADSL NAT subnet #1;18054;105;22;
18056;77.70.201.8;30;CRS - SatADSL NAT subnet #2;18054;105;22;
18057;77.70.201.12;30;CRS-SITE02 - Customer LAN;18054;105;22;
18058;77.70.201.16;30;CRS-SITE06 - Customer LAN;18054;105;22;
18059;77.70.201.20;30;CRS-SITE07 - Customer LAN;18054;105;22;
18061;77.70.201.28;30;CRS-SITE09 - Customer LAN;18054;105;22;
18062;77.70.201.32;30;CRS-SITE10 - Customer LAN;18054;105;22;
18063;77.70.201.36;30;CRS-SITE11 - Customer LAN;18054;105;22;
18064;77.70.201.40;30;CRS-SITE12 - Customer LAN;18054;105;22;
18065;77.70.201.44;30;CRS-SITE13 - Customer LAN;18054;105;22;
18067;77.70.201.52;30;CRS-SITE15 - Customer LAN;18054;105;22;
18068;77.70.201.56;30;CRS-SITE16 - Customer LAN;18054;105;22;
18069;77.70.201.60;30;CRS-SITE17 - Customer LAN;18054;105;22;
18071;77.70.201.68;30;CRS-SITE19 - Customer LAN;18054;105;22;
18072;77.70.201.72;30;CRS-SITE20 - Customer LAN;18054;105;22;
18073;77.70.201.76;30;CRS-SITE21 - Customer LAN;18054;105;22;
18074;77.70.201.80;30;CRS-SITE22 - Customer LAN;18054;105;22;
18075;77.70.201.84;30;CRS-SITE23 - Customer LAN;18054;105;22;
18076;77.70.201.88;30;CRS-SITE24 - Customer LAN;18054;105;22;
18077;77.70.201.92;30;CRS-SITE25 - Customer LAN;18054;105;22;
18078;77.70.201.96;30;CRS-SITE26 - Customer LAN;18054;105;22;
18083;77.70.147.188;32;EIK_X01.HPS6.V1901.IA-TH2-U;14694;0;22;
18084;77.70.147.189;32;EIK_X01.HPS6.V1922.OCHA;14694;0;22;
18087;77.70.147.190;32;EIK_X01.HPS1.V1990.WFP;14694;0;22;
18088;77.70.147.191;32;EIK_X01.HPS6.V1990.WFP;14694;0;22;
18093;77.70.153.48;30;Dialog PtP - IOM-SITE04;8316;50;22;
18094;77.70.147.192;32;EIK_X01.HPS1.V1911.WFP2;14694;0;22;
18098;77.70.147.193;32;AIR14.SN2.V1107.UNFPA;14694;0;22;
18099;77.70.153.52;30;Dialog PtP - BHGE-SITE10;8316;0;22;
18100;77.70.161.48;29;BHGE-SITE10;12140;0;22;
18105;77.70.147.194;32;AIR13.SN2.V807.UNFPA;14694;0;22;
18107;77.70.153.56;30;Dialog PtP - MMP-SITE01;8316;50;22;
18111;77.70.184.97;32;SBM-SITE03 - Manassas (NTH2) public NAT IP - Other users;17610;0;22;
18112;77.70.184.98;32;SBM-SITE04 - Manassas (NTH2) public NAT IP - Other users;17610;0;22;
18113;77.70.184.99;32;SBM-SITE05 - Manassas (NTH2) public NAT IP - Other users;17610;0;22;
18114;77.70.184.100;32;SBM-SITE06 - Manassas (NTH2) public NAT IP - Other users;17610;0;22;
18115;77.70.184.101;32;SBM-SITE07 - Manassas (NTH2) public NAT IP - Other users;17610;0;22;
18116;77.70.184.102;32;SBM-SITE08 - Manassas (NTH2) public NAT IP - Other users;17610;0;22;
18117;77.70.184.103;32;SBM-SITE09 - Manassas (NTH2) public NAT IP - Other users;17610;0;22;
18133;77.70.200.96;27;EoM NAT subnet for customer LAN;8574;63;22;
18138;77.70.153.92;30;OSCE-SITE05, PtP;8316;0;22;
18153;77.70.147.195;32;ASG_X01.HPS5.V1926.UNFPA;14694;0;22;
18162;77.70.146.32;29;Aussaguel - backbone PtP, Dialog, AIR13SN3, vrf IA-TH2-U;8253;0;22;
18163;77.70.147.196;32;AIR13.SN3.V1310.IA-TH2-U;14694;0;22;
18164;77.70.181.12;30;PAHO-SITE01,Dialog - Router PtP;10477;62;22;
18220;77.70.201.100;30;CRS-SITE27 - Customer LAN;18054;105;22;
18235;77.70.208.0;21;Customer assignments #2;8533;0;22;
18236;77.70.215.192;26;Customer assignments - remote loopbacks;18235;0;22;
18239;77.70.192.32;28;BTZ loopbacks;8534;0;22;
18245;77.70.154.208;30;Dialog-PtP - SIN-SITE001;8316;0;22;
18246;77.70.154.212;30;Dialog-PtP - SIN-SITE002;8316;0;22;
18247;77.70.154.216;30;Dialog-PtP - SIN-SITE003;8316;0;22;
18322;77.70.152.68;30;Dialog PtP -TEARFUND-SITE07;8316;50;22;
18334;77.70.201.106;32;CRS-SITE09-NAT;18054;105;22;
18335;77.70.201.107;32;CRS-SITE09-IPSEC;18054;105;22;
18340;77.70.151.104;29;London TH2 - UNICEF - interco with Maritime;8309;0;22;
18360;77.70.154.224;29;DBI-SITE05 - PtP HUB PEs - remote routers;8316;50;22;
18370;77.70.201.24;30;CRS-SITE01-Customer LAN;18054;105;22;
18377;77.70.147.197;32;WMP_X01.HPS3.V1997.UNICEF;14694;0;22;
18384;77.70.152.124;30;Dialog PtP - ACF-SITE005;8316;50;22;
18400;77.70.142.32;29;ACF-SITE005;17985;50;22;
18407;77.70.132.28;30;BETZDORF PtPS - Dialog-Site router TOTAL-SITE27;12348;0;22;
18422;77.70.154.232;30;Dialog-PtP - IOM-SITE06;8316;0;22;
18426;77.70.154.240;30;Dialog-PtP - IOM-SITE08;8316;0;22;
18427;77.70.154.244;30;Dialog-PtP - IOM-SITE09;8316;0;22;
18437;77.70.143.128;29;IOM-SITE06 Customer LAN;18436;50;22;
18439;77.70.143.144;29;IOM-SITE08 Customer LAN;18436;50;22;
18440;77.70.143.152;29;IOM-SITE09 Customer LAN;18436;50;22;
18441;77.70.143.160;29;IOM-SITE10 Customer LAN - reserved;18436;50;22;
18442;77.70.143.168;29;IOM-SITE11 Customer LAN - reserved;18436;50;22;
18443;77.70.143.176;29;IOM-SITE12 Customer LAN - reserved;18436;50;22;
18444;77.70.143.184;29;IOM-SITE13 Customer LAN - reserved;18436;50;22;
18445;77.70.143.192;29;IOM-SITE14 Customer LAN - reserved;18436;50;22;
18446;77.70.143.200;29;IOM-SITE15 Customer LAN - reserved;18436;50;22;
18447;77.70.143.208;29;IOM-SITE16 Customer LAN - reserved;18436;50;22;
18448;77.70.143.216;29;IOM-SITE17 Customer LAN - reserved;18436;50;22;
18461;77.70.147.198;32;AIR13.SN3.V1337.UNICEF;14694;0;22;
18490;77.70.152.144;30;Dialog PtP - IOM-SITE15;8316;50;22;
18491;77.70.153.144;30;Dialog PtP - IOM-SITE16;8316;50;22;
18492;77.70.153.148;30;Dialog PtP - IOM-SITE17;8316;50;22;
18814;77.70.153.152;30;Dialog PtP - ENDEAVOUR-SITE09;8316;50;22;
18888;77.70.193.124;31;OneWeb IC PRI;8535;0;22;
18889;77.70.193.126;31;OneWeb IC SEC;8535;0;22;
18890;77.70.143.8;30;BHGE-SITE03 temporary internet;12052;0;22;
18913;77.70.147.199;32;MUN_401.HPS1.V1901.IA-TH2-U;14694;0;22;
18914;77.70.193.208;29;Maritime handover traffic from vrf IA-TH2-U;8535;0;22;
18916;77.70.199.129;32;WMP_X01.HPS2.V1904.IA-LTH2-U;14695;63;22;
18918;77.70.181.84;30;UNDP-SITE138(UNIA)-Dialog-PtP;10477;14;22;
18933;77.70.193.176;29;London TH2 - PTP, PE routers  vrf ONEWEB - VDOM01-LTH2-IA-U;8535;0;22;
18947;77.70.147.200;32;EIK_X01.HPS11.V1990.WFP;14694;0;22;
18948;77.70.147.201;32;EIK_X01.HPS11.V1901.IA-TH2-U;14694;0;22;
18949;77.70.147.202;32;EIK_X01.HPS11.V1925.UNIA;14694;0;22;
18950;77.70.147.203;32;EIK_X01.HPS11.V1922.OCHA;14694;0;22;
18951;77.70.147.204;32;EIK_X01.HPS11.V1997.UNICEF;14694;0;22;
18968;77.70.154.252;30;Dialog PtP - UNHCR-SITE-POC;8316;50;22;
18972;77.70.154.220;30;Dialog Ptp -  MSFOCP-SITE010;8316;0;22;
19009;77.70.147.205;32;AXS_401.HPS1.V1901.IA-TH2-U;14694;0;22;
19018;77.70.154.4;30;Dialog PtP - SCI-SITE001 ;8316;50;22;
19019;77.70.154.20;30;Dialog PtP - SCI-SITE002;8316;50;22;
19047;77.70.155.8;30;Dialog Ptp - MSFOCG-SITE005;8316;0;22;
19048;77.70.154.32;30;Dialog PtP - ECHO-SITE18;8316;50;22;
19102;77.70.154.40;30;Dialog PtP - PUI-SITE006;8316;50;22;
19103;77.70.154.52;30;Dialog PtP - PUI-SITE007;8316;50;22;
19116;77.70.154.64;30;UNOPS-SITE07 DIalog-Router PtP;8316;50;22;
19178;77.70.154.76;30;Dialog test for Martin Soltis;8316;0;22;
19201;77.70.200.32;29;ONEWEB-MARLINK-POC01;8574;63;22;
19202;77.70.200.40;29;ONEWEB-TOTAL-POC01;8574;63;22;
19204;77.70.154.80;30;Dialog PtP -TEARFUND-SITE08;8316;50;22;
19209;77.70.201.108;30;CRS-SITE28 - Customer LAN;18054;105;22;
19218;77.70.154.84;30;Dialog PtP -OHCHR-SITE02 (Child of OCHA-SITE04);8316;50;22;
19220;77.70.151.112;29;	London TH2 - IA-TH2-U - interco with Maritime;8309;50;22;
19222;77.70.147.206;32;AXS_401.HPS2.V1901.IA-TH2-U;14694;0;22;
19254;77.70.192.48;32;LTH2 ADVPN loopback1 on FW;8534;0;22;
19255;77.70.192.49;32;LTH2 ADVPN loopback2 on FW;8534;0;22;
19311;77.70.134.244;30;BTEC-QDK05;12359;50;22;
19319;77.70.227.0;29;UNHCR-SITE05;8577;50;22;
19320;77.70.226.8;30;Dialog PtP - UNHCR-SITE05;10198;50;22;
19327;77.70.171.0;24;Various CM with Internet access via PARIS TH2 - Public;8484;0;22;
19343;77.70.155.0;30;PER-SITE07 PtP modem-router;8316;51;22;
19353;77.70.154.180;30;Dialog Ptp - MSFOCG-QDK003;8316;50;22;
19357;77.70.155.12;30;Dialog Ptp - MSFOCG-QDK002;8316;50;22;
19361;77.70.155.16;30;Dialog Ptp - MSFOCG-QDK001;8316;50;22;
19368;77.70.155.20;30;UNOPS-SITE01 DIalog-Router PtP;8316;50;22;
19377;77.70.181.88;29;Newtec-WHO-SITE113 PtP ;10477;62;22;
19387;77.70.195.84;30;free;8557;63;22;
19402;77.70.147.207;32;FUS_X02.HPS3.V1901.IA-TH2-U;14694;;22;
19405;77.70.155.24;29;Dialog Ptp - MSFOCB-SITE016 DHCP;8316;;22;
19407;77.70.147.208;32;ASG_X01.HPS1.V1990.WFP;14694;;22;
19408;77.70.147.209;32;ASG_X01.HPS6.V1990.WFP;14694;;22;
19428;77.70.147.210;32;ASG_X01.HPS1.V1901.IA-TH2-U;14694;;22;
19429;77.70.147.211;32;MUN_401.HPS2.V1901.IA-TH2-U;14694;;22;
19433;77.70.155.40;30;Dialog Ptp - SAMA-SITE05;8316;50;22;
19485;77.70.200.48;29;FR-ASG-LAB-OCHA-FW01;8574;63;22;
19553;77.70.147.212;32;AIR4.SN1.V1110.IA-TH2-U;14694;;22;
19709;77.70.172.0;23;MSF sites;8484;;22;
19987;77.70.155.60;30;Dialog PtP - IMF-SITE04;8316;;22;
20157;77.70.155.64;30;Dialog PtP - ERA-E3MG-SITE01;8316;;22;
20435;77.70.155.44;30;Dialog Ptp - WHO-SITE135 (IA only) (child of UNICEF-SITE063);8316;50;22;
20440;77.70.137.128;28;UNOPS-SITE08;20439;50;22;
20441;77.70.137.144;28;UNOPS-SITE09;20439;50;22;
20445;77.70.137.192;28;UNOPS-SITE11;20439;50;22;
20446;77.70.137.208;28;UNOPS-SITE12;20439;50;22;
20447;77.70.137.240;28;UNOPS-SITE13;20439;50;22;
20448;77.70.155.68;30;Dialog PtP - UNOPS-SITE08;8316;;22;
20449;77.70.155.72;30;Dialog PtP - UNOPS-SITE09;8316;;22;
20451;77.70.155.80;30;Dialog PtP - UNOPS-SITE11;8316;;22;
20452;77.70.155.84;30;Dialog PtP - UNOPS-SITE12;8316;;22;
20453;77.70.155.88;30;Dialog PtP - UNOPS-SITE13;8316;;22;
20477;77.70.147.213;32;AXS_401.HPS2.V1997.UNICEF;14694;;22;
20478;77.70.147.214;32;AXS_401.HPS2.V1990.WFP;14694;;22;
20502;77.70.200.64;29;Remote TEST site in Bratislava (L2/L3 testing);8574;63;22;
20505;77.70.201.112;30;CRS-SITE05 - Customer LAN;18054;105;22;
20513;77.70.179.136;29;New York TH2 - WFP - interco with Maritime;12077;92;22;
20515;77.70.201.116;30;CRS-SITE04 -Customer LAN;18054;105;22;
20516;77.70.201.120;30;CRS-SITE03 - Customer LAN;18054;105;22;
20523;77.70.147.215;32;AXS_401.HPS1.V1997.UNICEF;14694;;22;
20605;77.70.147.216;32;ASG_X01.HPS6.V1901.IA-TH2-U;14694;50;22;
20618;77.70.155.48;30;Dialog PtP - ENDEAVOUR-SITE01;8316;50;22;
20682;77.70.155.92;30;Dialog Ptp - SAMA-SITE02;8316;50;22;
20683;77.70.153.60;30;Dialog Ptp - SAMA-SITE03;8316;50;22;
20693;77.70.154.188;30;PER-SITE10 PtP modem-router;8316;51;22;
20710;77.70.155.56;30;Dialog PtP - ASSALA-SITE01;8316;49;22;
20736;77.70.147.217;32;ASG_X01.HPS5.V1922.OCHA;14694;;22;
20799;77.70.179.130;32;US-NTH2-PE01 - Loop107203 for GRE tun1&2 SATADSL-Orlando-CSR1&2;12077;62;22;
20800;77.70.179.131;32;US-NTH2-PE02 - Loop107203 for GRE tun1&2 SATADSL-Orlando-CSR1&2;12077;62;22;
20806;77.70.155.96;30;Dialog PtP - ICC-SITE01;8316;50;22;
20807;77.70.155.100;30;Dialog PtP - ICC-SITE02;8316;50;22;
20808;77.70.155.104;30;Dialog PtP - ICC-SITE03;8316;50;22;
20825;77.70.146.144;29;Paris TH2 - ISP PtP FR-PTH2-FWC01, VDOM12-ORTEC, vrf ORTEC;8253;;22;
20832;77.70.132.36;30;ILO-SITE01 , PtP Customer ;12348;50;22;
20836;77.70.201.124;30;CRS-SITE29 - Customer LAN;18054;105;22;
20860;77.70.147.218;32;AXS_401.HPS1.V1990.WFP;14694;;22;
20905;77.70.177.136;29;WFP-SITE377;12463;92;22;
20906;77.70.177.144;29;WFP-SITE378;12463;92;22;
20929;77.70.155.52;30;ASSALA-SITE02 PtP modem router;8316;50;22;
20930;77.70.155.108;30;ASSALA-SITE03 PtP modem router;8316;50;22;
20931;77.70.155.112;30;ASSALA-SITE04 PtP modem router;8316;50;22;
20932;77.70.155.116;30;ASSALA-SITE05 PtP modem router;8316;50;22;
20933;77.70.155.120;30;ASSALA-SITE06 PtP modem router;8316;50;22;
21006;77.70.132.60;30;TOTAL-SITE31, PtP Dialog-Site router ;12348;;22;
21023;77.70.143.224;29;IOM-SITE18 Customer LAN - reserved;18436;50;22;
21025;77.70.143.232;29;IOM-SITE19 Customer LAN - reserved;18436;50;22;
21027;77.70.155.124;30;Dialog PtP - IOM-SITE18;8316;50;22;
21028;77.70.155.128;30;Dialog PtP - IOM-SITE19;8316;50;22;
21029;77.70.155.132;30;Dialog PtP - IOM-SITE20;8316;50;22;
21041;77.70.155.136;30;Dialog PtP - SCI-SITE003;8316;;22;
21046;77.70.143.240;29;IOM-SITE20 Customer LAN - reserved;18436;50;22;
21047;77.70.177.152;29;WFP-SITE354;12463;92;22;
21122;77.70.159.16;32;NAT for FR-ASG-LAB-ELASTIC;661;;17;
21141;77.70.143.248;29;IOM-SITE21 Customer LAN - reserved;18436;50;22;
21142;77.70.155.140;30;Dialog PtP - IOM-SITE11;8316;50;22;
21143;77.70.155.144;30;Dialog PtP - IOM-SITE12;8316;;22;
21144;77.70.155.148;30;Dialog PtP - IOM-SITE13;8316;50;22;
21145;77.70.155.152;30;Dialog PtP - IOM-SITE14;8316;50;22;
21146;77.70.155.156;30;Dialog PtP - IOM-SITE21;8316;50;22;
21177;77.70.193.120;31;OneWeb/ITC IC PRI;8535;;22;
21178;77.70.193.122;31;OneWeb/ITC IC SEC;8535;;22;
21219;77.70.173.92;30;MSFOCBA-SITE004 Customer LAN;19709;50;22;
21240;77.70.161.160;28;CORAL-SITE01;12140;50;22;
21279;77.70.153.140;30;Dialog PtP - UNICEF-QDK001;8316;97;22;
21298;77.70.153.0;30;PER-SITE11 PtP modem-router;8316;51;22;
21299;77.70.153.4;30;PER-SITE12 PtP modem-router;8316;51;22;
21319;77.70.155.160;30;Dialog PtP - ACE-SITE01;8316;50;22;
21320;77.70.155.164;30;Dialog PtP - ACE-SITE02;8316;50;22;
21321;77.70.155.168;30;Dialog PtP - ACE-SITE04;8316;50;22;
21348;77.70.154.88;30;Dialog PtP - ENOC_test (L2testing);8316;50;22;
21387;77.70.155.172;30;Dialog PtP - ACE-SITE03;8316;;22;
21388;77.70.155.176;30;Dialog PtP - ACE-SITE05;8316;;22;
21389;77.70.155.180;30;Dialog PtP - ACE-SITE06;8316;;22;
21390;77.70.155.184;30;Dialog PtP - SIN-SITE004;8316;;22;
21414;77.70.146.8;30;Paris TH2 - ISP PtP FR-PTH2-FWC01, VDOM13-SBMUDLY;8253;;22;
21425;77.70.154.92;30;Dialog PtP - FAO-SITE009;8316;50;22;
21468;77.70.155.188;30;Dialog PtP - IMF-SITE01;8316;;22;
21469;77.70.155.192;30;Dialog PtP - IMF-SITE09;8316;;22;
21477;77.70.155.196;30;Dialog PtP - FAO-SITE049;8316;50;22;
21480;77.70.152.252;30;Dialog PtP - IMF-SITE02;8316;;22;
21493;77.70.155.200;30;Dialog PtP - FAO-SITE050;8316;50;22;
21497;77.70.132.64;30;NMFA-QDK01 , PtP Customer;12348;50;22;
21517;77.70.200.72;29;UK-ABD-PE-IC;8574;63;22;
21537;77.70.171.72;30;NRC-SITE13;19327;50;22;
21611;77.70.160.20;30;SFDFA-SITE26, PtP modem-router;8441;50;22;
21739;77.70.226.12;30;ACTED-SITE001- Modem-Router PtP;10198;50;22;
21740;77.70.182.36;30;ACTED-SITE002- Modem-Router PtP;8488;50;22;
21741;77.70.182.40;30;ACTED-SITE003- Modem-Router PtP;8488;50;22;
21742;77.70.182.44;30;ACTED-SITE004- Modem-Router PtP;8488;50;22;
21747;77.70.161.240;28;PML-SITE02;12140;50;22;
21873;77.70.160.24;30;SBM-SITE45, PtP modem-router;8441;50;22;
21897;77.70.138.1;32;TOTAL-SITE23 : Skyros Loop Ucopia;22954;;22;
21898;77.70.138.2;32;TOTAL-SITE23 : Skyros Loop Company Service;22954;;22;
21899;77.70.138.3;32;TOTAL-SITE23 : Skyros Loop Box customer;22954;;22;
21914;77.70.179.132;31;OneWeb IC to Ashburn Network slice;12077;139;22;
21930;77.70.161.84;30;SFDFA-SITE26;12140;50;22;
21936;77.70.154.248;30;Dialog-PtP - ECHO-SITE21;8316;50;22;
21941;77.70.201.128;30;CRS-SITE31 - Customer LAN;18054;105;22;
21942;77.70.201.132;30;CRS-SITE32 - Customer LAN;18054;105;22;
22028;77.70.153.104;30;Dialog PtP - SOCFIN-SITE15;8316;50;22;
22132;77.70.145.232;29;Paris TH2-IC ISP-MARITIME FTG#1 (Shared networks);8228;50;22;
22133;77.70.193.184;29;London TH2-IC ISP-MARITIME FTG#1 (Shared networks);8535;;22;
22134;77.70.193.192;29;London TH2-IC ISP-MARITIME FTG#2 (Shared networks);8535;;22;
22138;77.70.138.6;32;VANT-SITE02 : TOTAL TUX Loop SLB;22960;;22;
22139;77.70.138.7;32;VANT-SITE02 : TOTAL TUX Loop HLB;22960;;22;
22140;77.70.138.8;32;VANT-SITE02 : TOTAL TUX Loop Oceaneering;22963;;22;
22141;77.70.138.9;32;VANT-SITE02 : TOTAL TUX Loop Geolog;22963;;22;
22188;77.70.155.4;30;Dialog-PtP - CAREMA-SITE01;8316;50;22;
22192;77.70.193.24;29;London TH2 - PtP, ISP routers - FTG V13-ADDNIG;8535;;22;
22202;77.70.195.88;29;SBM-SITE45 - HUB-remote PtP, L2 SCPC Cband, Exxon Internet, vrf IA-LTH2-U;8557;;22;
22209;77.70.155.32;30;Dialog Ptp - NRC-SITE01;8316;50;22;
22210;77.70.193.40;29;London TH2 - PtP, ISP routers VDOM V12-SBM (vrf 1);8535;;22;
22212;77.70.192.50;32;LTH2 ADVPN Loopback_V12_1 in V12-SBM vrf 1;8534;;22;
22213;77.70.155.36;30;Dialog PtP - ECHO-SITE20;8316;50;22;
22240;77.70.176.248;29;SAI-SITE01, Saipem, Santorini vessel;8485;62;22;
22242;77.70.223.0;24;LTH2 HUB PTP IP SPACE #2;8533;;22;
22243;77.70.223.0;31;OneWeb IC PRI to AMS Network slice;22242;140;22;
22244;77.70.223.2;31;OneWeb IC SEC to AMS Network slice;22242;140;22;
22264;77.70.201.48;30;CRS-SITE33 - Customer LAN;18054;105;22;
22287;77.70.155.204;30;PER-SITE08 PtP modem-router;8316;51;22;
22288;77.70.155.208;30;PER-SITE09 PtP modem-router;8316;51;22;
22289;77.70.157.8;31;PER-SITE08 NATted Internet data;12055;51;22;
22290;77.70.157.10;31;PER-SITE09 NATted Internet data;12055;51;22;
22303;77.70.155.212;30;Dialog PtP - HIN-SITE01;8316;50;22;
22306;77.70.155.216;30;Dialog PtP - HIN-SITE02;8316;50;22;
22307;77.70.155.220;30;Dialog PtP - HIN-SITE03;8316;50;22;
22321;77.70.154.184;30;Dialog PtP ,ENI-SITE32;8316;50;22;
22330;77.70.171.216;29;ENI-SITE32 ,Customer LAN;19327;50;22;
22333;77.70.138.10;32;VANT-SITE02 : Vantage GUEST NAT IP;22963;;22;
22334;77.70.138.11;32;VANT-SITE02 : Vantage AUTO NAT IP;22963;;22;
22335;77.70.138.12;32;VANT-SITE02 : Vantage CORP NAT IP;22963;;22;
22339;77.70.132.72;29;VANT-SITE02 - Dialog PtP, Ku-band;12348;;22;
22888;77.70.192.51;32;LTH2 root ADVPN loopback1 on FW;8534;;22;
22889;77.70.192.52;30;LTH2 root ADVPN loopback2 on FW;8534;;22;
22932;77.70.138.128;25;Irish Defence (IRDEF) sites;8194;;22;
22933;77.70.138.128;29;IRDEF-SITE10;22932;50;22;
22934;77.70.138.136;29;IRDEF-SITE02;22932;;22;
22935;77.70.138.144;29;IRDEF-SITE03;22932;;22;
22936;77.70.138.152;29;IRDEF-SITE04 ;22932;;22;
22937;77.70.138.160;29;IRDEF-SITE05;22932;;22;
22938;77.70.138.168;29;IRDEF-SITE06;22932;;22;
22939;77.70.138.176;29;IRDEF-SITE07;22932;;22;
22940;77.70.138.184;29;IRDEF-SITE08;22932;;22;
22941;77.70.138.192;29;IRDEF-SITE09;22932;;22;
22942;77.70.138.200;29;IRDEF-SITE11;22932;50;22;
22943;77.70.138.208;29;IRDEF-SITE12;22932;50;22;
22944;77.70.138.216;29;IRDEF-SITE13;22932;50;22;
22999;77.70.153.132;30;Dialog PtP - DRC-SITE05;8316;50;22;
23000;77.70.154.236;30;Dialog-PtP - DRC-SITE06;8316;50;22;
23001;77.70.155.224;30;Dialog-PtP - DRC-SITE07;8316;50;22;
23002;77.70.155.228;30;Dialog-PtP - DRC-SITE08;8316;50;22;
23003;77.70.155.232;30;Dialog-PtP - DRC-SITE09;8316;50;22;
23004;77.70.155.236;30;Dialog-PtP - DRC-SITE10;8316;50;22;
23041;77.70.138.224;29;IRDEF-SITE14;22932;50;22;
23071;77.70.135.24;29;WHO-SITE46 - SDWAN PoC;12359;;22;
23083;77.70.152.12;30;Dialog Ptp - MSFOCG-QDK007;8316;50;22;
23084;77.70.152.16;30;Dialog Ptp - MSFOCG-QDK008;8316;50;22;
23629;77.70.153.204;30;NRC-SITE31 PtP Dialog;8316;50;22;
23781;77.70.137.224;28;UNOPS-SITE14;20439;50;22;
23782;77.70.155.240;30;Dialog-PtP - UNOPS-SITE14;8316;50;22;
23850;77.70.134.112;29;ENDEAVOUR-SITE11;12359;50;22;
23851;77.70.155.244;30;Dialog PtP - ENDEAVOUR-SITE11;8316;50;22;
23856;77.70.161.88;30;BHGE-SITE26 temporary Internet T-550297;12140;;22;
23860;77.70.223.8;29;IC VDOM V14PLAN to ISP;22242;;22;
23870;77.70.158.184;29;EEGTC-SITE01;12056;50;22;
23871;77.70.158.208;29;EEGTC-SITE02;12056;50;22;
23872;77.70.158.240;29;EEGTC-SITE03;12056;50;22;
23896;77.70.170.128;30;SAI-SITE04 : ENI;23895;;22;
23897;77.70.170.132;30;SAI-SITE05 : ENI;23895;;22;
23905;77.70.201.136;30;CRS-SITE34 - Customer LAN;18054;105;22;
23955;77.70.134.104;30;SBM-SITE40;12359;;22;
23983;77.70.184.112;29;BHGE-SITE32, Blue Dolphin;17271;;22;
23994;77.70.184.144;29;BHGE-SITE33, Blue Tarpon;17271;;22;
24016;77.70.145.72;29;Paris TH2 - Fortinet Hosting, VDOM000-root;8228;50;22;
24036;77.70.152.112;30;ASSALA-SITE07 PtP modem router;8316;50;22;
24053;77.70.155.248;30;PER-SITE13 PtP modem-router;8316;51;22;
24054;77.70.156.128;31;PER-SITE13 NATted Internet data;12055;50;22;
24167;77.70.134.108;30;TEST-VIKI-TEMP;12359;;22;
24181;77.70.226.16;28;SBM-SITE30 - Exxon - TEMP;10198;50;22;
24239;77.70.223.16;29;IC VDOM V15-MOTA to ISP;22242;;22;
24262;77.70.170.191;32;SAI-SITE04 : ENI VPN Router;23895;50;22;
24271;77.70.138.48;29;WHO-SITE25 - SDWAN PoC;8194;;22;
24272;77.70.170.190;32;SAI-SITE04 : ENI 3rd Party;23895;50;22;
24273;77.70.170.189;32;SAI-SITE04 : ENI SLB;23895;50;22;
24295;77.70.223.4;31;OneWeb IC PRI to London MultiGeo Network slice;22242;140;22;
24296;77.70.223.6;31;OneWeb IC SEC to London MultiGeo Network slice;22242;140;22;
24297;77.70.223.32;31;OneWeb IC PRI Maritime Dynamic network slice;22242;140;22;
24298;77.70.223.34;31;OneWeb IC SEC to Maritime Dynamic Network slice;22242;140;22;
24299;77.70.179.134;31;OneWeb IC Toronto MultiGeo Network slice;12077;139;22;
24300;77.70.178.32;31;OneWeb IC to Maritime Dynamic network slice;12077;139;22;
24306;77.70.170.186;32;SAI-SITE05 : ENI MWD LAN1;23895;50;22;
24307;77.70.170.187;32;SAI-SITE05 : ENI MWD LAN2;23895;50;22;
24308;77.70.170.188;32;SAI-SITE05 : ENI MWD LAN3;23895;50;22;
24309;77.70.170.185;32;SAI-SITE05 : ENI FW;23895;50;22;
24362;77.70.136.8;30;CRS-SITE23 - TEMP MDM Customer LAN;8194;50;22;
24366;77.70.155.252;30;Dialog PtP - CAREMA-SITE02;8316;50;22;
24404;77.70.132.68;30;VANT-SITE04 - Dialog PtP modem router;12348;;22;
24405;77.70.138.56;29;VANT-SITE04;8194;;22;
24416;77.70.155.76;30;TIMOP-SITE01 PtP modem router;8316;50;22;
24424;77.70.158.176;29;PRNG-SITE01;12056;;22;
24425;77.70.158.112;30;PRNG-SITE01 PtP modem router;12056;;22;
24426;77.70.176.100;30;CARO-SITE03 - Hawley HUB NAT IP Pool;8485;62;22;
24427;77.70.223.36;31;	OneWeb IC PRI OmniAccess Dynamic network slice;22242;140;22;
24428;77.70.223.38;31;OneWeb IC SEC OmniAccess Dynamic network slice;22242;140;22;
24453;77.70.156.232;29;IMC-SITE03;12055;50;22;
24454;77.70.157.88;29;IMC-SITE04;12055;50;22;
24455;77.70.178.36;31;OneWeb IC to OmniAccess Dynamic network slice;12077;139;22;
24459;77.70.137.160;29;UNOPS-SITE15;20439;50;22;
24462;77.70.173.120;30;MSFOCA-SITE025 Customer LAN;19709;50;22;
